9999999999a:805:{s:18:"Aalborg University";s:18:"Aalborg University";s:16:"Aalto University";s:16:"Aalto University";s:17:"Aarhus University";s:17:"Aarhus University";s:26:"Adam Mickiewicz University";s:26:"Adam Mickiewicz University";s:40:"AGH University of Science and Technology";s:40:"AGH University of Science and Technology";s:20:"Ain Shams University";s:20:"Ain Shams University";s:24:"Aix Marseille University";s:24:"Aix Marseille University";s:15:"Ajou University";s:15:"Ajou University";s:4:"AKTU";s:4:"AKTU";s:21:"Alexandria University";s:21:"Alexandria University";s:15:"Amherst College";s:15:"Amherst College";s:35:"Amirkabir University of Technology	";s:35:"Amirkabir University of Technology	";s:24:"Anhui Medical University";s:24:"Anhui Medical University";s:17:"Ankara University";s:17:"Ankara University";s:36:"Aristotle University of Thessaloniki";s:36:"Aristotle University of Thessaloniki";s:24:"Arizona State University";s:24:"Arizona State University";s:17:"Auburn University";s:17:"Auburn University";s:34:"Autonomous University of Barcelona";s:34:"Autonomous University of Barcelona";s:31:"Autonomous University of Madrid";s:31:"Autonomous University of Madrid";s:24:"Babeș-Bolyai University";s:24:"Babeș-Bolyai University";s:17:"Bangor University";s:17:"Bangor University";s:19:"Bar-Ilan University";s:19:"Bar-Ilan University";s:27:"Baylor College of Medicine	";s:27:"Baylor College of Medicine	";s:17:"Baylor University";s:17:"Baylor University";s:18:"Beihang University";s:18:"Beihang University";s:31:"Beijing Institute of Technology";s:31:"Beijing Institute of Technology";s:27:"Beijing Jiaotong University";s:27:"Beijing Jiaotong University";s:25:"Beijing Normal University";s:25:"Beijing Normal University";s:41:"Beijing University of Chemical Technology";s:41:"Beijing University of Chemical Technology";s:32:"Beijing University of Technology";s:32:"Beijing University of Technology";s:34:"Ben-Gurion University of the Negev";s:34:"Ben-Gurion University of the Negev";s:20:"Bielefeld University";s:20:"Bielefeld University";s:14:"Boston College";s:14:"Boston College";s:17:"Boston University";s:17:"Boston University";s:19:"Brandeis University";s:19:"Brandeis University";s:18:"Brescia University";s:18:"Brescia University";s:24:"Brigham Young University";s:24:"Brigham Young University";s:31:"brighton university in brighton";s:31:"brighton university in brighton";s:16:"Brown University";s:16:"Brown University";s:17:"Brunel University";s:17:"Brunel University";s:47:"Budapest University of Technology and Economics";s:47:"Budapest University of Technology and Economics";s:16:"Cairo University";s:16:"Cairo University";s:34:"California Institute of Technology";s:34:"California Institute of Technology";s:26:"Capital Medical University";s:26:"Capital Medical University";s:18:"Cardiff University";s:18:"Cardiff University";s:19:"Carleton University";s:19:"Carleton University";s:26:"Carnegie Mellon University";s:26:"Carnegie Mellon University";s:31:"Case Western Reserve University";s:31:"Case Western Reserve University";s:28:"Catholic University of Chile";s:28:"Catholic University of Chile";s:28:"Catholic University of Korea";s:28:"Catholic University of Korea";s:30:"Catholic University of Louvain";s:30:"Catholic University of Louvain";s:39:"Catholic University of the Sacred Heart";s:39:"Catholic University of the Sacred Heart";s:24:"Central South University";s:24:"Central South University";s:15:"CENTRALESUPELEC";s:15:"CENTRALESUPELEC";s:33:"Chalmers University of Technology";s:33:"Chalmers University of Technology";s:21:"Chang Gung University";s:21:"Chang Gung University";s:28:"Charles University in Prague";s:28:"Charles University in Prague";s:16:"Chiba University";s:16:"Chiba University";s:29:"China Agricultural University";s:29:"China Agricultural University";s:35:"China Medical University (Shenyang)";s:35:"China Medical University (Shenyang)";s:35:"China Medical University (Taichung)";s:35:"China Medical University (Taichung)";s:31:"China Pharmaceutical University";s:31:"China Pharmaceutical University";s:41:"China University of Geosciences (Beijing)";s:41:"China University of Geosciences (Beijing)";s:39:"China University of Geosciences (Wuhan)";s:39:"China University of Geosciences (Wuhan)";s:41:"China University of Mining and Technology";s:41:"China University of Mining and Technology";s:29:"China University of Petroleum";s:29:"China University of Petroleum";s:27:"Chonbuk National University";s:27:"Chonbuk National University";s:28:"Chongqing Medical University";s:28:"Chongqing Medical University";s:20:"Chongqing University";s:20:"Chongqing University";s:27:"Chonnam National University";s:27:"Chonnam National University";s:24:"Chulalongkorn University";s:24:"Chulalongkorn University";s:20:"Chung-Ang University";s:20:"Chung-Ang University";s:28:"Chungbuk National University";s:28:"Chungbuk National University";s:28:"Chungnam National University";s:28:"Chungnam National University";s:28:"City University of Hong Kong";s:28:"City University of Hong Kong";s:40:"City University of New York City College";s:40:"City University of New York City College";s:16:"Clark University";s:16:"Clark University";s:32:"Claude Bernard University Lyon 1";s:32:"Claude Bernard University Lyon 1";s:18:"Clemson University";s:18:"Clemson University";s:24:"Colorado School of Mines";s:24:"Colorado School of Mines";s:25:"Colorado State University";s:25:"Colorado State University";s:19:"Columbia University";s:19:"Columbia University";s:33:"Comenius University in Bratislava";s:33:"Comenius University in Bratislava";s:32:"Complutense University of Madrid";s:32:"Complutense University of Madrid";s:20:"Concordia University";s:20:"Concordia University";s:26:"Copenhagen Business School";s:26:"Copenhagen Business School";s:18:"Cornell University";s:18:"Cornell University";s:42:"CUNY Graduate School and University Center";s:42:"CUNY Graduate School and University Center";s:19:"CUNY Hunter College";s:19:"CUNY Hunter College";s:17:"Curtin University";s:17:"Curtin University";s:36:"Czech Technical University in Prague";s:36:"Czech Technical University in Prague";s:20:"Dalhousie University";s:20:"Dalhousie University";s:31:"Dalian University of Technology";s:31:"Dalian University of Technology";s:17:"Dartmouth College";s:17:"Dartmouth College";s:17:"Deakin University";s:17:"Deakin University";s:30:"Delft University of Technology";s:30:"Delft University of Technology";s:28:"Delhi College of Engineering";s:28:"Delhi College of Engineering";s:22:"Dokuz Eylul University";s:22:"Dokuz Eylul University";s:18:"Donghua University";s:18:"Donghua University";s:17:"Drexel University";s:17:"Drexel University";s:15:"Duke University";s:15:"Duke University";s:17:"Durham University";s:17:"Durham University";s:28:"East China Normal University";s:28:"East China Normal University";s:47:"East China University of Science and Technology";s:47:"East China University of Science and Technology";s:19:"Ecole Centrale Lyon";s:19:"Ecole Centrale Lyon";s:31:"Ecole Normale Superieure - Lyon";s:31:"Ecole Normale Superieure - Lyon";s:32:"Ecole Normale Superieure - Paris";s:32:"Ecole Normale Superieure - Paris";s:19:"Ecole Polytechnique";s:19:"Ecole Polytechnique";s:16:"Ehime University";s:16:"Ehime University";s:34:"Eindhoven University of Technology";s:34:"Eindhoven University of Technology";s:16:"Emory University";s:16:"Emory University";s:24:"Eotvos Lorand University";s:24:"Eotvos Lorand University";s:28:"Erasmus University Rotterdam";s:28:"Erasmus University Rotterdam";s:18:"Erciyes University";s:18:"Erciyes University";s:15:"ESPCI ParisTech";s:15:"ESPCI ParisTech";s:22:"Ewha Womans University";s:22:"Ewha Womans University";s:34:"Federal University of Minas Gerais";s:34:"Federal University of Minas Gerais";s:28:"Federal University of Parana";s:28:"Federal University of Parana";s:32:"Federal University of Pernambuco";s:32:"Federal University of Pernambuco";s:36:"Federal University of Rio de Janeiro";s:36:"Federal University of Rio de Janeiro";s:39:"Federal University of Rio Grande do Sul";s:39:"Federal University of Rio Grande do Sul";s:36:"Federal University of Santa Catarina";s:36:"Federal University of Santa Catarina";s:32:"Federal University of Sao Carlos";s:32:"Federal University of Sao Carlos";s:31:"Federal University of Sao Paulo";s:31:"Federal University of Sao Paulo";s:29:"Federal University of Viçosa";s:29:"Federal University of Viçosa";s:30:"Ferdowsi University of Mashhad";s:30:"Ferdowsi University of Mashhad";s:19:"Flinders University";s:19:"Flinders University";s:31:"Florida Institute of Technology";s:31:"Florida Institute of Technology";s:32:"Florida International University";s:32:"Florida International University";s:24:"Florida State University";s:24:"Florida State University";s:34:"Fourth Military Medical University";s:34:"Fourth Military Medical University";s:16:"Fudan University";s:16:"Fudan University";s:17:"Fuzhou University";s:17:"Fuzhou University";s:15:"Gazi University";s:15:"Gazi University";s:23:"George Mason University";s:23:"George Mason University";s:21:"Georgetown University";s:21:"Georgetown University";s:31:"Georgia Institute of Technology";s:31:"Georgia Institute of Technology";s:24:"Georgia State University";s:24:"Georgia State University";s:16:"Ghent University";s:16:"Ghent University";s:19:"Griffith University";s:19:"Griffith University";s:28:"Guangzhou Medical University";s:28:"Guangzhou Medical University";s:43:"Gwangju Institute of Science and Technology";s:43:"Gwangju Institute of Science and Technology";s:30:"Gyeongsang National University";s:30:"Gyeongsang National University";s:20:"Hacettepe University";s:20:"Hacettepe University";s:23:"Hannover Medical School";s:23:"Hannover Medical School";s:18:"Hanyang University";s:18:"Hanyang University";s:29:"Harbin Engineering University";s:29:"Harbin Engineering University";s:30:"Harbin Institute of Technology";s:30:"Harbin Institute of Technology";s:25:"Harbin Medical University";s:25:"Harbin Medical University";s:18:"Harvard University";s:18:"Harvard University";s:31:"Hefei University of Technology	";s:31:"Hefei University of Technology	";s:21:"Heidelberg University";s:21:"Heidelberg University";s:22:"Heriot-Watt University";s:22:"Heriot-Watt University";s:20:"Hiroshima University";s:20:"Hiroshima University";s:16:"Hohai University";s:16:"Hohai University";s:19:"Hokkaido University";s:19:"Hokkaido University";s:28:"Hong Kong Baptist University";s:28:"Hong Kong Baptist University";s:32:"Huazhong Agricultural University";s:32:"Huazhong Agricultural University";s:45:"Huazhong University of Science and Technology";s:45:"Huazhong University of Science and Technology";s:16:"Hunan University";s:16:"Hunan University";s:39:"Icahn School of Medicine at Mount Sinai";s:39:"Icahn School of Medicine at Mount Sinai";s:23:"Imperial College London";s:23:"Imperial College London";s:27:"Indian Institute of Science";s:27:"Indian Institute of Science";s:36:"Indian Institute of Technology Delhi";s:36:"Indian Institute of Technology Delhi";s:40:"Indian Institute of Technology Kharagpur";s:40:"Indian Institute of Technology Kharagpur";s:37:"Indian Institute of Technology Madras";s:37:"Indian Institute of Technology Madras";s:30:"Indiana University Bloomington";s:30:"Indiana University Bloomington";s:52:"Indiana University-Purdue University at Indianapolis";s:52:"Indiana University-Purdue University at Indianapolis";s:15:"INHA University";s:15:"INHA University";s:15:"Inje university";s:15:"Inje university";s:41:"International School for Advanced Studies";s:41:"International School for Advanced Studies";s:21:"Iowa State University";s:21:"Iowa State University";s:32:"Isfahan University of Technology";s:32:"Isfahan University of Technology";s:19:"Istanbul University";s:19:"Istanbul University";s:23:"Jagiellonian University";s:23:"Jagiellonian University";s:21:"James Cook University";s:21:"James Cook University";s:27:"Jawaharlal Nehru University";s:27:"Jawaharlal Nehru University";s:19:"Jiangnan University";s:19:"Jiangnan University";s:18:"Jiangsu University";s:18:"Jiangsu University";s:16:"Jilin University";s:16:"Jilin University";s:16:"Jinan University";s:16:"Jinan University";s:31:"Johannes Kepler University Linz";s:31:"Johannes Kepler University Linz";s:24:"Johns Hopkins University";s:24:"Johns Hopkins University";s:19:"Juntendo University";s:19:"Juntendo University";s:19:"Kanazawa University";s:19:"Kanazawa University";s:27:"Kangwon National University";s:27:"Kangwon National University";s:23:"Kansas State University";s:23:"Kansas State University";s:28:"Kaohsiung Medical University";s:28:"Kaohsiung Medical University";s:39:"Karlsruhe Institute of Technology (KIT)";s:39:"Karlsruhe Institute of Technology (KIT)";s:20:"Karolinska Institute";s:20:"Karolinska Institute";s:16:"Keele University";s:16:"Keele University";s:15:"Keio University";s:15:"Keio University";s:21:"Kent State University";s:21:"Kent State University";s:25:"King Abdulaziz University";s:25:"King Abdulaziz University";s:50:"King Abdullah University of Science and Technology";s:50:"King Abdullah University of Science and Technology";s:44:"King Fahd University of Petroleum & Minerals";s:44:"King Fahd University of Petroleum & Minerals";s:20:"King Saud University";s:20:"King Saud University";s:21:"King's College London";s:21:"King's College London";s:19:"Kitasato University";s:19:"Kitasato University";s:15:"Kobe University";s:15:"Kobe University";s:17:"Konkuk University";s:17:"Konkuk University";s:50:"Korea Advanced Institute of Science and Technology";s:50:"Korea Advanced Institute of Science and Technology";s:16:"Korea University";s:16:"Korea University";s:33:"KTH Royal Institute of Technology";s:33:"KTH Royal Institute of Technology";s:9:"KU Leuven";s:9:"KU Leuven";s:19:"Kumamoto University";s:19:"Kumamoto University";s:16:"Kyoto University";s:16:"Kyoto University";s:20:"Kyung Hee University";s:20:"Kyung Hee University";s:29:"Kyungpook National University";s:29:"Kyungpook National University";s:30:"Kyushu Institute of Technology";s:30:"Kyushu Institute of Technology";s:17:"Kyushu University";s:17:"Kyushu University";s:19:"La Trobe University";s:19:"La Trobe University";s:20:"Lancaster University";s:20:"Lancaster University";s:18:"Lanzhou University";s:18:"Lanzhou University";s:16:"Laval University";s:16:"Laval University";s:17:"Lehigh University";s:17:"Lehigh University";s:17:"Leiden University";s:17:"Leiden University";s:43:"LILLE 1 University - Science and Technology";s:43:"LILLE 1 University - Science and Technology";s:18:"Lincoln University";s:18:"Lincoln University";s:20:"Linkoping University";s:20:"Linkoping University";s:32:"Liverpool John Moores University";s:32:"Liverpool John Moores University";s:22:"London Business School";s:22:"London Business School";s:48:"London School of Economics and Political Science";s:48:"London School of Economics and Political Science";s:44:"London School of Hygiene & Tropical Medicine";s:44:"London School of Hygiene & Tropical Medicine";s:23:"Loughborough University";s:23:"Loughborough University";s:40:"Louisiana State University - Baton Rouge";s:40:"Louisiana State University - Baton Rouge";s:25:"Loyola University Chicago";s:25:"Loyola University Chicago";s:18:"Lucknow university";s:18:"Lucknow university";s:15:"Lund University";s:15:"Lund University";s:21:"Maastricht University";s:21:"Maastricht University";s:42:"Macau University of Science and Technology";s:42:"Macau University of Science and Technology";s:20:"Macquarie University";s:20:"Macquarie University";s:18:"Mahidol University";s:18:"Mahidol University";s:29:"Marche Polytechnic University";s:29:"Marche Polytechnic University";s:18:"Masaryk University";s:18:"Masaryk University";s:43:"Massachusetts Institute of Technology (MIT)";s:43:"Massachusetts Institute of Technology (MIT)";s:17:"Massey University";s:17:"Massey University";s:19:"Mayo Medical School";s:19:"Mayo Medical School";s:17:"McGill University";s:17:"McGill University";s:19:"McMaster University";s:19:"McMaster University";s:28:"Medical College of Wisconsin";s:28:"Medical College of Wisconsin";s:26:"Medical University of Graz";s:26:"Medical University of Graz";s:31:"Medical University of Innsbruck";s:31:"Medical University of Innsbruck";s:29:"Medical University of Silesia";s:29:"Medical University of Silesia";s:36:"Medical University of South Carolina";s:36:"Medical University of South Carolina";s:28:"Medical University of Vienna";s:28:"Medical University of Vienna";s:16:"Meijo University";s:16:"Meijo University";s:35:"Memorial University of Newfoundland";s:35:"Memorial University of Newfoundland";s:25:"Michigan State University";s:25:"Michigan State University";s:33:"Michigan Technological University";s:33:"Michigan Technological University";s:32:"Middle East Technical University";s:32:"Middle East Technical University";s:36:"Miguel Hernandez University of Elche";s:36:"Miguel Hernandez University of Elche";s:15:"MINES ParisTech";s:15:"MINES ParisTech";s:28:"Mississippi State University";s:28:"Mississippi State University";s:45:"Missouri University of Science and Technology";s:45:"Missouri University of Science and Technology";s:17:"Monash University";s:17:"Monash University";s:24:"Montana State University";s:24:"Montana State University";s:43:"Moscow Institute of Physics and Technology	";s:43:"Moscow Institute of Physics and Technology	";s:23:"Moscow State University";s:23:"Moscow State University";s:18:"Murdoch University";s:18:"Murdoch University";s:19:"Nagasaki University";s:19:"Nagasaki University";s:17:"Nagoya University";s:17:"Nagoya University";s:19:"Nanchang University";s:19:"Nanchang University";s:31:"Nanjing Agricultural University";s:31:"Nanjing Agricultural University";s:26:"Nanjing Medical University";s:26:"Nanjing Medical University";s:25:"Nanjing Normal University";s:25:"Nanjing Normal University";s:23:"NanJing Tech University";s:23:"NanJing Tech University";s:18:"Nanjing University";s:18:"Nanjing University";s:50:"Nanjing University of Aeronautics and Astronautics";s:50:"Nanjing University of Aeronautics and Astronautics";s:54:"Nanjing University of Information Science & Technology";s:54:"Nanjing University of Information Science & Technology";s:44:"Nanjing University of Science and Technology";s:44:"Nanjing University of Science and Technology";s:17:"Nankai University";s:17:"Nankai University";s:32:"Nanyang Technological University";s:32:"Nanyang Technological University";s:40:"Nara Institute of Science and Technology";s:40:"Nara Institute of Science and Technology";s:46:"National and Kapodistrian University of Athens";s:46:"National and Kapodistrian University of Athens";s:40:"National Autonomous University of Mexico";s:40:"National Autonomous University of Mexico";s:27:"National Central University";s:27:"National Central University";s:30:"National Cheng Kung University";s:30:"National Cheng Kung University";s:30:"National Chiao Tung University";s:30:"National Chiao Tung University";s:31:"National Chung Hsing University";s:31:"National Chung Hsing University";s:30:"National Polytechnic Institute";s:30:"National Polytechnic Institute";s:31:"National Sun Yat-Sen University";s:31:"National Sun Yat-Sen University";s:26:"National Taiwan University";s:26:"National Taiwan University";s:52:"National Taiwan University of Science and Technology";s:52:"National Taiwan University of Science and Technology";s:39:"National Technical University of Athens";s:39:"National Technical University of Athens";s:29:"National Tsing Hua University";s:29:"National Tsing Hua University";s:31:"National University of Colombia";s:31:"National University of Colombia";s:30:"National University of Cordoba";s:30:"National University of Cordoba";s:41:"National University of Defense Technology";s:41:"National University of Defense Technology";s:38:"National University of Ireland, Galway";s:38:"National University of Ireland, Galway";s:31:"National University of La Plata";s:31:"National University of La Plata";s:31:"National University of Malaysia";s:31:"National University of Malaysia";s:32:"National University of Singapore";s:32:"National University of Singapore";s:29:"National Yang Ming University";s:29:"National Yang Ming University";s:34:"New Jersey Institute of Technology";s:34:"New Jersey Institute of Technology";s:27:"New Mexico State University";s:27:"New Mexico State University";s:24:"New University of Lisbon";s:24:"New University of Lisbon";s:19:"New York University";s:19:"New York University";s:20:"Newcastle University";s:20:"Newcastle University";s:19:"Niigata University	";s:19:"Niigata University	";s:41:"North Carolina State University - Raleigh";s:41:"North Carolina State University - Raleigh";s:21:"North-West University";s:21:"North-West University";s:27:"Northeast Normal University";s:27:"Northeast Normal University";s:32:"Northeastern University (Boston)";s:32:"Northeastern University (Boston)";s:34:"Northeastern University (Shenyang)";s:34:"Northeastern University (Shenyang)";s:27:"Northern Arizona University";s:27:"Northern Arizona University";s:24:"Northwest A&F University";s:24:"Northwest A&F University";s:20:"Northwest University";s:20:"Northwest University";s:37:"Northwestern Polytechnical University";s:37:"Northwestern Polytechnical University";s:23:"Northwestern University";s:23:"Northwestern University";s:37:"Norwegian University of Life Sciences";s:37:"Norwegian University of Life Sciences";s:53:"Norwegian University of Science and Technology - NTNU";s:53:"Norwegian University of Science and Technology - NTNU";s:28:"Novosibirsk State University";s:28:"Novosibirsk State University";s:15:"Oberlin College";s:15:"Oberlin College";s:25:"Ocean University of China";s:25:"Ocean University of China";s:15:"Ohio University";s:15:"Ohio University";s:18:"Okayama University";s:18:"Okayama University";s:25:"Oklahoma State University";s:25:"Oklahoma State University";s:23:"Old Dominion University";s:23:"Old Dominion University";s:36:"Oregon Health and Science University";s:36:"Oregon Health and Science University";s:23:"Oregon State University";s:23:"Oregon State University";s:21:"Osaka City University";s:21:"Osaka City University";s:16:"Osaka University";s:16:"Osaka University";s:19:"Palacký University";s:19:"Palacký University";s:35:"Paris Dauphine University (Paris 9)";s:35:"Paris Dauphine University (Paris 9)";s:25:"Paris Sorbonne University";s:25:"Paris Sorbonne University";s:37:"Paul Sabatier University (Toulouse 3)";s:37:"Paul Sabatier University (Toulouse 3)";s:28:"Peking Union Medical College";s:28:"Peking Union Medical College";s:17:"Peking University";s:17:"Peking University";s:47:"Pennsylvania State University - University Park";s:47:"Pennsylvania State University - University Park";s:43:"Pierre and Marie Curie University - Paris 6";s:43:"Pierre and Marie Curie University - Paris 6";s:43:"Pohang University of Science and Technology";s:43:"Pohang University of Science and Technology";s:30:"Polytechnic Institute of Milan";s:30:"Polytechnic Institute of Milan";s:35:"Polytechnic University of Catalonia";s:35:"Polytechnic University of Catalonia";s:32:"Polytechnic University of Madrid";s:32:"Polytechnic University of Madrid";s:31:"Polytechnic University of Turin";s:31:"Polytechnic University of Turin";s:34:"Polytechnic University of Valencia";s:34:"Polytechnic University of Valencia";s:23:"Pompeu Fabra University";s:23:"Pompeu Fabra University";s:25:"Portland State University";s:25:"Portland State University";s:28:"Prince of Songkla University";s:28:"Prince of Songkla University";s:20:"Princeton University";s:20:"Princeton University";s:27:"Pukyong National University";s:27:"Pukyong National University";s:34:"Purdue University - West Lafayette";s:34:"Purdue University - West Lafayette";s:25:"Pusan National University";s:25:"Pusan National University";s:16:"Qatar University";s:16:"Qatar University";s:31:"Queen Mary University of London";s:31:"Queen Mary University of London";s:18:"Queen's University";s:18:"Queen's University";s:26:"Queen's University Belfast";s:26:"Queen's University Belfast";s:35:"Queensland University of Technology";s:35:"Queensland University of Technology";s:27:"Radboud University Nijmegen";s:27:"Radboud University Nijmegen";s:26:"Renmin University of China";s:26:"Renmin University of China";s:32:"Rensselaer Polytechnic Institute";s:32:"Rensselaer Polytechnic Institute";s:15:"Rice University";s:15:"Rice University";s:15:"RMIT University";s:15:"RMIT University";s:22:"Rockefeller University";s:22:"Rockefeller University";s:36:"Royal Holloway, University of London";s:36:"Royal Holloway, University of London";s:15:"Rush University";s:15:"Rush University";s:59:"Rutgers, The State University of New Jersey - New Brunswick";s:59:"Rutgers, The State University of New Jersey - New Brunswick";s:22:"RWTH Aachen University";s:22:"RWTH Aachen University";s:19:"Saarland University";s:19:"Saarland University";s:22:"Saint Louis University";s:22:"Saint Louis University";s:33:"Saint Petersburg State University";s:33:"Saint Petersburg State University";s:18:"Saitama University";s:18:"Saitama University";s:26:"San Diego State University";s:26:"San Diego State University";s:27:"Sapienza University of Rome";s:27:"Sapienza University of Rome";s:31:"Scuola Normale Superiore - Pisa";s:31:"Scuola Normale Superiore - Pisa";s:27:"Second University of Naples";s:27:"Second University of Naples";s:25:"Seoul National University";s:25:"Seoul National University";s:46:"Shahid Beheshti University of Medical Sciences";s:46:"Shahid Beheshti University of Medical Sciences";s:19:"Shandong University";s:19:"Shandong University";s:29:"Shanghai Jiao Tong University";s:29:"Shanghai Jiao Tong University";s:19:"Shanghai University";s:19:"Shanghai University";s:31:"Sharif University of Technology";s:31:"Sharif University of Technology";s:19:"Shenzhen University";s:19:"Shenzhen University";s:18:"Shinshu University";s:18:"Shinshu University";s:18:"Sichuan University";s:18:"Sichuan University";s:23:"Simon Fraser University";s:23:"Simon Fraser University";s:31:"singapore management university";s:31:"singapore management university";s:26:"Soochow University (China)";s:26:"Soochow University (China)";s:36:"South China University of Technology";s:36:"South China University of Technology";s:20:"Southeast University";s:20:"Southeast University";s:27:"Southern Medical University";s:27:"Southern Medical University";s:29:"Southern Methodist University";s:29:"Southern Methodist University";s:45:"Southern University of Science and Technology";s:45:"Southern University of Science and Technology";s:20:"Southwest University";s:20:"Southwest University";s:35:"St George's Hospital Medical School";s:35:"St George's Hospital Medical School";s:19:"Stanford University";s:19:"Stanford University";s:62:"State University of New York Health Science Center at Brooklyn";s:62:"State University of New York Health Science Center at Brooklyn";s:23:"Stellenbosch University";s:23:"Stellenbosch University";s:29:"Stockholm School of Economics";s:29:"Stockholm School of Economics";s:20:"Stockholm University";s:20:"Stockholm University";s:23:"Stony Brook University	";s:23:"Stony Brook University	";s:22:"Sun Yat-sen University";s:22:"Sun Yat-sen University";s:23:"Sungkyunkwan University";s:23:"Sungkyunkwan University";s:31:"SUNY Upstate Medical University";s:31:"SUNY Upstate Medical University";s:18:"Swansea University";s:18:"Swansea University";s:18:"Swarthmore College";s:18:"Swarthmore College";s:43:"Swedish University of Agricultural Sciences";s:43:"Swedish University of Agricultural Sciences";s:34:"Swinburne University of Technology";s:34:"Swinburne University of Technology";s:46:"Swiss Federal Institute of Technology Lausanne";s:46:"Swiss Federal Institute of Technology Lausanne";s:44:"Swiss Federal Institute of Technology Zurich";s:44:"Swiss Federal Institute of Technology Zurich";s:19:"Syracuse University";s:19:"Syracuse University";s:25:"Taipei Medical University";s:25:"Taipei Medical University";s:26:"Tarbiat Modares University";s:26:"Tarbiat Modares University";s:30:"Technical University Darmstadt";s:30:"Technical University Darmstadt";s:27:"Technical University Munich";s:27:"Technical University Munich";s:30:"Technical University of Berlin";s:30:"Technical University of Berlin";s:36:"Technical University of Braunschweig";s:36:"Technical University of Braunschweig";s:31:"Technical University of Denmark";s:31:"Technical University of Denmark";s:32:"Technical University of Dortmund";s:32:"Technical University of Dortmund";s:39:"Technion-Israel Institute of Technology";s:39:"Technion-Israel Institute of Technology";s:37:"Tehran University of Medical Sciences";s:37:"Tehran University of Medical Sciences";s:19:"Tel Aviv University";s:19:"Tel Aviv University";s:17:"Temple University";s:17:"Temple University";s:20:"Texas A&M University";s:20:"Texas A&M University";s:21:"Texas Tech University";s:21:"Texas Tech University";s:34:"The Australian National University";s:34:"The Australian National University";s:35:"The Chinese University of Hong Kong";s:35:"The Chinese University of Hong Kong";s:32:"The George Washington University";s:32:"The George Washington University";s:44:"The Graduate University for Advanced Studies";s:44:"The Graduate University for Advanced Studies";s:34:"The Hebrew University of Jerusalem";s:34:"The Hebrew University of Jerusalem";s:36:"The Hong Kong Polytechnic University";s:36:"The Hong Kong Polytechnic University";s:50:"The Hong Kong University of Science and Technology";s:50:"The Hong Kong University of Science and Technology";s:36:"The Ohio State University - Columbus";s:36:"The Ohio State University - Columbus";s:19:"The Open University";s:19:"The Open University";s:38:"The Second Military Medical University";s:38:"The Second Military Medical University";s:26:"The University of Adelaide";s:26:"The University of Adelaide";s:23:"The University of Akron";s:23:"The University of Akron";s:38:"The University of Alabama - Tuscaloosa";s:38:"The University of Alabama - Tuscaloosa";s:26:"The University of Auckland";s:26:"The University of Auckland";s:25:"The University of Calgary";s:25:"The University of Calgary";s:24:"The University of Dundee";s:24:"The University of Dundee";s:27:"The University of Edinburgh";s:27:"The University of Edinburgh";s:25:"The University of Georgia";s:25:"The University of Georgia";s:25:"The University of Glasgow";s:25:"The University of Glasgow";s:27:"The University of Hong Kong";s:27:"The University of Hong Kong";s:28:"The University of Manchester";s:28:"The University of Manchester";s:27:"The University of Melbourne";s:27:"The University of Melbourne";s:42:"The University of New Mexico - Albuquerque";s:42:"The University of New Mexico - Albuquerque";s:33:"The University of New South Wales";s:33:"The University of New South Wales";s:38:"The University of Newcastle, Australia";s:38:"The University of Newcastle, Australia";s:28:"The University of Queensland";s:28:"The University of Queensland";s:25:"The University of Reading";s:25:"The University of Reading";s:27:"The University of Sheffield";s:27:"The University of Sheffield";s:36:"The University of Texas at Arlington";s:36:"The University of Texas at Arlington";s:33:"The University of Texas at Austin";s:33:"The University of Texas at Austin";s:33:"The University of Texas at Dallas";s:33:"The University of Texas at Dallas";s:38:"The University of Texas at San Antonio";s:38:"The University of Texas at San Antonio";s:56:"The University of Texas Health Science Center at Houston";s:56:"The University of Texas Health Science Center at Houston";s:60:"The University of Texas Health Science Center at San Antonio";s:60:"The University of Texas Health Science Center at San Antonio";s:52:"The University of Texas M. D. Anderson Cancer Center";s:52:"The University of Texas M. D. Anderson Cancer Center";s:51:"The University of Texas Medical Branch at Galveston";s:51:"The University of Texas Medical Branch at Galveston";s:61:"The University of Texas Southwestern Medical Center at Dallas";s:61:"The University of Texas Southwestern Medical Center at Dallas";s:27:"The University of Tokushima";s:27:"The University of Tokushima";s:23:"The University of Tokyo";s:23:"The University of Tokyo";s:25:"The University of Waikato";s:25:"The University of Waikato";s:35:"The University of Western Australia";s:35:"The University of Western Australia";s:33:"Third Military Medical University";s:33:"Third Military Medical University";s:27:"Thomas Jefferson University";s:27:"Thomas Jefferson University";s:27:"Tianjin Medical University	";s:27:"Tianjin Medical University	";s:18:"Tianjin University";s:18:"Tianjin University";s:18:"Tilburg University";s:18:"Tilburg University";s:17:"Tohoku University";s:17:"Tohoku University";s:29:"Tokyo Institute of Technology";s:29:"Tokyo Institute of Technology";s:35:"Tokyo Medical and Dental University";s:35:"Tokyo Medical and Dental University";s:46:"Tokyo University of Agriculture and Technology";s:46:"Tokyo University of Agriculture and Technology";s:27:"Tokyo University of Science";s:27:"Tokyo University of Science";s:17:"Tongji University";s:17:"Tongji University";s:18:"Tottori University";s:18:"Tottori University";s:22:"Trinity College Dublin";s:22:"Trinity College Dublin";s:19:"Tsinghua University";s:19:"Tsinghua University";s:10:"TU Dresden";s:10:"TU Dresden";s:16:"Tufts University";s:16:"Tufts University";s:17:"Tulane University";s:17:"Tulane University";s:50:"Ulsan National Institute of Science and Technology";s:50:"Ulsan National Institute of Science and Technology";s:15:"Umea University";s:15:"Umea University";s:5:"UNESP";s:5:"UNESP";s:25:"Universidad Andrés Bello";s:25:"Universidad Andrés Bello";s:19:"Universitat Jaume I";s:19:"Universitat Jaume I";s:26:"Université Grenoble Alpes";s:26:"Université Grenoble Alpes";s:36:"Université libre de Bruxelles (ULB)";s:36:"Université libre de Bruxelles (ULB)";s:29:"Universiti Teknologi Malaysia";s:29:"Universiti Teknologi Malaysia";s:51:"University at Albany (State University of New York)";s:51:"University at Albany (State University of New York)";s:55:"University at Buffalo, the State University of New York";s:55:"University at Buffalo, the State University of New York";s:23:"University College Cork";s:23:"University College Cork";s:25:"University College Dublin";s:25:"University College Dublin";s:25:"University College London";s:25:"University College London";s:22:"University of Aberdeen";s:22:"University of Aberdeen";s:35:"University of Alabama at Birmingham";s:35:"University of Alabama at Birmingham";s:32:"University of Alaska - Fairbanks";s:32:"University of Alaska - Fairbanks";s:21:"University of Alberta";s:21:"University of Alberta";s:21:"University of Alcalá";s:21:"University of Alcalá";s:23:"University of Amsterdam";s:23:"University of Amsterdam";s:21:"University of Antwerp";s:21:"University of Antwerp";s:21:"University of Arizona";s:21:"University of Arizona";s:38:"University of Arkansas at Fayetteville";s:38:"University of Arkansas at Fayetteville";s:37:"University of Arkansas at Little Rock";s:37:"University of Arkansas at Little Rock";s:22:"University of Auvergne";s:22:"University of Auvergne";s:20:"University of Aveiro";s:20:"University of Aveiro";s:23:"University of Barcelona";s:23:"University of Barcelona";s:18:"University of Bari";s:18:"University of Bari";s:19:"University of Basel";s:19:"University of Basel";s:18:"University of Bath";s:18:"University of Bath";s:22:"University of Bayreuth";s:22:"University of Bayreuth";s:22:"University of Belgrade";s:22:"University of Belgrade";s:20:"University of Bergen";s:20:"University of Bergen";s:18:"University of Bern";s:18:"University of Bern";s:24:"University of Birmingham";s:24:"University of Birmingham";s:20:"University of Bochum";s:20:"University of Bochum";s:21:"University of Bologna";s:21:"University of Bologna";s:18:"University of Bonn";s:18:"University of Bonn";s:22:"University of Bordeaux";s:22:"University of Bordeaux";s:23:"University of Brasília";s:23:"University of Brasília";s:20:"University of Bremen";s:20:"University of Bremen";s:21:"University of Bristol";s:21:"University of Bristol";s:30:"University of British Columbia";s:30:"University of British Columbia";s:26:"University of Buenos Aires";s:26:"University of Buenos Aires";s:22:"University of Burgundy";s:22:"University of Burgundy";s:22:"University of Cagliari";s:22:"University of Cagliari";s:22:"University of Calabria";s:22:"University of Calabria";s:22:"University of Calcutta";s:22:"University of Calcutta";s:34:"University of California, Berkeley";s:34:"University of California, Berkeley";s:31:"University of California, Davis";s:31:"University of California, Davis";s:32:"University of California, Irvine";s:32:"University of California, Irvine";s:37:"University of California, Los Angeles";s:37:"University of California, Los Angeles";s:35:"University of California, Riverside";s:35:"University of California, Riverside";s:35:"University of California, San Diego";s:35:"University of California, San Diego";s:39:"University of California, San Francisco";s:39:"University of California, San Francisco";s:39:"University of California, Santa Barbara";s:39:"University of California, Santa Barbara";s:36:"University of California, Santa Cruz";s:36:"University of California, Santa Cruz";s:31:"University of California-Merced";s:31:"University of California-Merced";s:23:"University of Cambridge";s:23:"University of Cambridge";s:22:"University of Campinas";s:22:"University of Campinas";s:22:"University of Canberra";s:22:"University of Canberra";s:24:"University of Canterbury";s:24:"University of Canterbury";s:23:"University of Cape Town";s:23:"University of Cape Town";s:34:"University of Castilla–La Mancha";s:34:"University of Castilla–La Mancha";s:21:"University of Catania";s:21:"University of Catania";s:29:"University of Central Florida";s:29:"University of Central Florida";s:21:"University of Chicago";s:21:"University of Chicago";s:19:"University of Chile";s:19:"University of Chile";s:24:"University of Cincinnati";s:24:"University of Cincinnati";s:21:"University of Coimbra";s:21:"University of Coimbra";s:21:"University of Cologne";s:21:"University of Cologne";s:33:"University of Colorado at Boulder";s:33:"University of Colorado at Boulder";s:32:"University of Colorado at Denver";s:32:"University of Colorado at Denver";s:24:"University of Concepcion";s:24:"University of Concepcion";s:25:"University of Connecticut";s:25:"University of Connecticut";s:24:"University of Copenhagen";s:24:"University of Copenhagen";s:21:"University of Cordoba";s:21:"University of Cordoba";s:22:"University of Delaware";s:22:"University of Delaware";s:19:"University of Delhi";s:19:"University of Delhi";s:25:"University of Duesseldorf";s:25:"University of Duesseldorf";s:28:"University of Duisburg-Essen";s:28:"University of Duisburg-Essen";s:25:"University of East Anglia";s:25:"University of East Anglia";s:29:"University of Eastern Finland";s:29:"University of Eastern Finland";s:56:"University of Electronic Science and Technology of China";s:56:"University of Electronic Science and Technology of China";s:32:"University of Erlangen-Nuremberg";s:32:"University of Erlangen-Nuremberg";s:19:"University of Essex";s:19:"University of Essex";s:20:"University of Exeter";s:20:"University of Exeter";s:21:"University of Ferrara";s:21:"University of Ferrara";s:22:"University of Florence";s:22:"University of Florence";s:21:"University of Florida";s:21:"University of Florida";s:23:"University of Frankfurt";s:23:"University of Frankfurt";s:22:"University of Freiburg";s:22:"University of Freiburg";s:23:"University of Fribourg	";s:23:"University of Fribourg	";s:20:"University of Geneva";s:20:"University of Geneva";s:19:"University of Genoa";s:19:"University of Genoa";s:21:"University of Giessen";s:21:"University of Giessen";s:24:"University of Goettingen";s:24:"University of Goettingen";s:24:"University of Gothenburg";s:24:"University of Gothenburg";s:21:"University of Granada";s:21:"University of Granada";s:18:"University of Graz";s:18:"University of Graz";s:24:"University of Greifswald";s:24:"University of Greifswald";s:23:"University of Groningen";s:23:"University of Groningen";s:20:"University of Guelph";s:20:"University of Guelph";s:19:"University of Haifa";s:19:"University of Haifa";s:30:"University of Halle-Wittenberg";s:30:"University of Halle-Wittenberg";s:21:"University of Hamburg";s:21:"University of Hamburg";s:22:"University of Hannover";s:22:"University of Hannover";s:29:"University of Hawaii at Manoa";s:29:"University of Hawaii at Manoa";s:22:"University of Helsinki";s:22:"University of Helsinki";s:23:"University of Hohenheim";s:23:"University of Hohenheim";s:21:"University of Houston";s:21:"University of Houston";s:21:"University of Iceland";s:21:"University of Iceland";s:19:"University of Idaho";s:19:"University of Idaho";s:33:"University of Illinois at Chicago";s:33:"University of Illinois at Chicago";s:42:"University of Illinois at Urbana-Champaign";s:42:"University of Illinois at Urbana-Champaign";s:23:"University of Innsbruck";s:23:"University of Innsbruck";s:18:"University of Iowa";s:18:"University of Iowa";s:42:"University of Italian speaking Switzerland";s:42:"University of Italian speaking Switzerland";s:18:"University of Jena";s:18:"University of Jena";s:26:"University of Johannesburg";s:26:"University of Johannesburg";s:23:"University of Jyvaskyla";s:23:"University of Jyvaskyla";s:20:"University of Kansas";s:20:"University of Kansas";s:18:"University of Kent";s:18:"University of Kent";s:22:"University of Kentucky";s:22:"University of Kentucky";s:18:"University of Kiel";s:18:"University of Kiel";s:22:"University of Konstanz";s:22:"University of Konstanz";s:27:"University of KwaZulu-Natal";s:27:"University of KwaZulu-Natal";s:22:"University of L'Aquila";s:22:"University of L'Aquila";s:23:"University of La Laguna";s:23:"University of La Laguna";s:22:"University of Lausanne";s:22:"University of Lausanne";s:19:"University of Leeds";s:19:"University of Leeds";s:23:"University of Leicester";s:23:"University of Leicester";s:21:"University of Leipzig";s:21:"University of Leipzig";s:19:"University of Liege";s:19:"University of Liege";s:22:"University of Limerick";s:22:"University of Limerick";s:20:"University of Lisbon";s:20:"University of Lisbon";s:23:"University of Liverpool";s:23:"University of Liverpool";s:23:"University of Ljubljana";s:23:"University of Ljubljana";s:22:"University of Lorraine";s:22:"University of Lorraine";s:24:"University of Louisville";s:24:"University of Louisville";s:24:"University of Luxembourg";s:24:"University of Luxembourg";s:19:"University of Macau";s:19:"University of Macau";s:19:"University of Mainz";s:19:"University of Mainz";s:20:"University of Malaya";s:20:"University of Malaya";s:22:"University of Manitoba";s:22:"University of Manitoba";s:21:"University of Marburg";s:21:"University of Marburg";s:36:"University of Marylana, College Park";s:36:"University of Marylana, College Park";s:33:"University of Maryland, Baltimore";s:33:"University of Maryland, Baltimore";s:40:"University of Maryland, Baltimore County";s:40:"University of Maryland, Baltimore County";s:35:"University of Massachusetts Amherst";s:35:"University of Massachusetts Amherst";s:54:"University of Massachusetts Medical School - Worcester";s:54:"University of Massachusetts Medical School - Worcester";s:22:"University of Messina	";s:22:"University of Messina	";s:19:"University of Miami";s:19:"University of Miami";s:32:"University of Michigan-Ann Arbor";s:32:"University of Michigan-Ann Arbor";s:19:"University of Milan";s:19:"University of Milan";s:29:"University of Milan - Bicocca";s:29:"University of Milan - Bicocca";s:19:"University of Minho";s:19:"University of Minho";s:35:"University of Minnesot, Twin Cities";s:35:"University of Minnesot, Twin Cities";s:33:"University of Missouri - Columbia";s:33:"University of Missouri - Columbia";s:38:"University of Modena and Reggio Emilia";s:38:"University of Modena and Reggio Emilia";s:32:"University of Montana - Missoula";s:32:"University of Montana - Missoula";s:25:"University of Montpellier";s:25:"University of Montpellier";s:22:"University of Montreal";s:22:"University of Montreal";s:22:"University of Muenster";s:22:"University of Muenster";s:20:"University of Munich";s:20:"University of Munich";s:20:"University of Murcia";s:20:"University of Murcia";s:20:"University of Nantes";s:20:"University of Nantes";s:32:"University of Naples Federico II";s:32:"University of Naples Federico II";s:32:"University of Nebraska - Lincoln";s:32:"University of Nebraska - Lincoln";s:37:"University of Nebraska Medical Center";s:37:"University of Nebraska Medical Center";s:23:"University of Neuchatel";s:23:"University of Neuchatel";s:27:"University of Nevada - Reno";s:27:"University of Nevada - Reno";s:30:"University of Nevada-Las Vegas";s:30:"University of Nevada-Las Vegas";s:25:"University of New England";s:25:"University of New England";s:36:"University of New Hampshire - Durham";s:36:"University of New Hampshire - Durham";s:25:"University of New Orleans";s:25:"University of New Orleans";s:35:"University of Nice Sophia Antipolis";s:35:"University of Nice Sophia Antipolis";s:43:"University of North Carolina at Chapel Hill";s:43:"University of North Carolina at Chapel Hill";s:42:"University of North Carolina at Greensboro";s:42:"University of North Carolina at Greensboro";s:25:"University of North Texas";s:25:"University of North Texas";s:24:"University of Notre Dame";s:24:"University of Notre Dame";s:24:"University of Nottingham";s:24:"University of Nottingham";s:31:"University of Oklahoma - Norman";s:31:"University of Oklahoma - Norman";s:23:"University of Oldenburg";s:23:"University of Oldenburg";s:45:"University of Ontario Institute of Technology";s:45:"University of Ontario Institute of Technology";s:20:"University of Oregon";s:20:"University of Oregon";s:18:"University of Oslo";s:18:"University of Oslo";s:19:"University of Otago";s:19:"University of Otago";s:20:"University of Ottawa";s:20:"University of Ottawa";s:18:"University of Oulu";s:18:"University of Oulu";s:20:"University of Oviedo";s:20:"University of Oviedo";s:20:"University of Oxford";s:20:"University of Oxford";s:23:"University of Paderborn";s:23:"University of Paderborn";s:19:"University of Padua";s:19:"University of Padua";s:21:"University of Palermo";s:21:"University of Palermo";s:39:"University of Paris Descartes (Paris 5)";s:39:"University of Paris Descartes (Paris 5)";s:34:"University of Paris-Sud (Paris 11)";s:34:"University of Paris-Sud (Paris 11)";s:19:"University of Parma";s:19:"University of Parma";s:19:"University of Pavia";s:19:"University of Pavia";s:26:"University of Pennsylvania";s:26:"University of Pennsylvania";s:21:"University of Perugia";s:21:"University of Perugia";s:18:"University of Pisa";s:18:"University of Pisa";s:43:"University of Pittsburgh, Pittsburgh Campus";s:43:"University of Pittsburgh, Pittsburgh Campus";s:22:"University of Poitiers";s:22:"University of Poitiers";s:19:"University of Porto";s:19:"University of Porto";s:24:"University of Portsmouth";s:24:"University of Portsmouth";s:21:"University of Potsdam";s:21:"University of Potsdam";s:22:"University of Pretoria";s:22:"University of Pretoria";s:25:"University of Puerto Rico";s:25:"University of Puerto Rico";s:29:"University of Quebec Montreal";s:29:"University of Quebec Montreal";s:24:"University of Regensburg";s:24:"University of Regensburg";s:20:"University of Regina";s:20:"University of Regina";s:22:"University of Rennes 1";s:22:"University of Rennes 1";s:26:"University of Rhode Island";s:26:"University of Rhode Island";s:23:"University of Rochester";s:23:"University of Rochester";s:32:"University of Roma - Tor Vergata";s:32:"University of Roma - Tor Vergata";s:21:"University of Rostock";s:21:"University of Rostock";s:23:"University of Salamanca";s:23:"University of Salamanca";s:33:"University of Santiago Compostela";s:33:"University of Santiago Compostela";s:23:"University of Sao Paulo";s:23:"University of Sao Paulo";s:26:"University of Saskatchewan";s:26:"University of Saskatchewan";s:44:"University of Science and Technology Beijing";s:44:"University of Science and Technology Beijing";s:45:"University of Science and Technology of China";s:45:"University of Science and Technology of China";s:31:"University of Science, Malaysia";s:31:"University of Science, Malaysia";s:21:"University of Seville";s:21:"University of Seville";s:24:"University of Sherbrooke";s:24:"University of Sherbrooke";s:19:"University of Siena";s:19:"University of Siena";s:26:"University of South Africa";s:26:"University of South Africa";s:29:"University of South Australia";s:29:"University of South Australia";s:39:"University of South Carolina - Columbia";s:39:"University of South Carolina - Columbia";s:27:"University of South Florida";s:27:"University of South Florida";s:25:"University of Southampton";s:25:"University of Southampton";s:33:"University of Southern California";s:33:"University of Southern California";s:30:"University of Southern Denmark";s:30:"University of Southern Denmark";s:24:"University of St Andrews";s:24:"University of St Andrews";s:24:"University of Strasbourg";s:24:"University of Strasbourg";s:25:"University of Strathclyde";s:25:"University of Strathclyde";s:23:"University of Stuttgart";s:23:"University of Stuttgart";s:20:"University of Surrey";s:20:"University of Surrey";s:20:"University of Sussex";s:20:"University of Sussex";s:20:"University of Sydney";s:20:"University of Sydney";s:20:"University of Szeged";s:20:"University of Szeged";s:21:"University of Tampere";s:21:"University of Tampere";s:19:"University of Tartu";s:19:"University of Tartu";s:22:"University of Tasmania";s:22:"University of Tasmania";s:31:"University of Technology Sydney";s:31:"University of Technology Sydney";s:20:"University of Tehran";s:20:"University of Tehran";s:35:"University of Tennessee - Knoxville";s:35:"University of Tennessee - Knoxville";s:45:"University of Tennessee Health Science Center";s:45:"University of Tennessee Health Science Center";s:34:"University of the Balearic Islands";s:34:"University of the Balearic Islands";s:32:"University of the Basque Country";s:32:"University of the Basque Country";s:31:"University of the Witwatersrand";s:31:"University of the Witwatersrand";s:20:"University of Toledo";s:20:"University of Toledo";s:21:"University of Toronto";s:21:"University of Toronto";s:24:"University of Toulouse 1";s:24:"University of Toulouse 1";s:20:"University of Trento";s:20:"University of Trento";s:21:"University of Trieste";s:21:"University of Trieste";s:21:"University of Tsukuba";s:21:"University of Tsukuba";s:23:"University of Tuebingen";s:23:"University of Tuebingen";s:19:"University of Turin";s:19:"University of Turin";s:19:"University of Turku";s:19:"University of Turku";s:20:"University of Twente";s:20:"University of Twente";s:19:"University of Udine";s:19:"University of Udine";s:17:"University of Ulm";s:17:"University of Ulm";s:19:"University of Ulsan";s:19:"University of Ulsan";s:18:"University of Utah";s:18:"University of Utah";s:22:"University of Valencia";s:22:"University of Valencia";s:21:"University of Vermont";s:21:"University of Vermont";s:50:"University of Versailles Saint-Quentin-en-Yvelines";s:50:"University of Versailles Saint-Quentin-en-Yvelines";s:22:"University of Victoria";s:22:"University of Victoria";s:20:"University of Vienna";s:20:"University of Vienna";s:18:"University of Vigo";s:18:"University of Vigo";s:23:"University of Virginia	";s:23:"University of Virginia	";s:24:"University of Wageningen";s:24:"University of Wageningen";s:20:"University of Warsaw";s:20:"University of Warsaw";s:21:"University of Warwick";s:21:"University of Warwick";s:24:"University of Washington";s:24:"University of Washington";s:22:"University of Waterloo";s:22:"University of Waterloo";s:28:"University of Western Sydney";s:28:"University of Western Sydney";s:33:"University of Wisconsin - Madison";s:33:"University of Wisconsin - Madison";s:33:"University of Wisconsin-Milwaukee";s:33:"University of Wisconsin-Milwaukee";s:24:"University of Wollongong";s:24:"University of Wollongong";s:22:"University of Wroclaw	";s:22:"University of Wroclaw	";s:23:"University of Wuerzburg";s:23:"University of Wuerzburg";s:21:"University of Wyoming";s:21:"University of Wyoming";s:18:"University of York";s:18:"University of York";s:20:"University of Zagreb";s:20:"University of Zagreb";s:22:"University of Zaragoza";s:22:"University of Zaragoza";s:20:"University of Zurich";s:20:"University of Zurich";s:34:"University Paris Diderot - Paris 7";s:34:"University Paris Diderot - Paris 7";s:25:"University Putra Malaysia";s:25:"University Putra Malaysia";s:27:"University Rovira i Virgili";s:27:"University Rovira i Virgili";s:18:"Uppsala University";s:18:"Uppsala University";s:21:"Utah State University";s:21:"Utah State University";s:18:"Utrecht University";s:18:"Utrecht University";s:21:"Vanderbilt University";s:21:"Vanderbilt University";s:17:"Verona University";s:17:"Verona University";s:33:"Victoria University of Wellington";s:33:"Victoria University of Wellington";s:31:"Vienna University of Technology";s:31:"Vienna University of Technology";s:19:"Vilnius University	";s:19:"Vilnius University	";s:32:"Virginia Commonwealth University";s:32:"Virginia Commonwealth University";s:51:"Virginia Polytechnic Institute and State University";s:51:"Virginia Polytechnic Institute and State University";s:35:"Vita-Salute San Raffaele University";s:35:"Vita-Salute San Raffaele University";s:32:"Vrije Universiteit Brussel (VUB)";s:32:"Vrije Universiteit Brussel (VUB)";s:23:"VU University Amsterdam";s:23:"VU University Amsterdam";s:22:"Wake Forest University";s:22:"Wake Forest University";s:17:"Waseda University";s:17:"Waseda University";s:27:"Washington State University";s:27:"Washington State University";s:34:"Washington University in St. Louis";s:34:"Washington University in St. Louis";s:22:"Wayne State University";s:22:"Wayne State University";s:29:"Weizmann Institute of Science";s:29:"Weizmann Institute of Science";s:26:"Wenzhou Medical University";s:26:"Wenzhou Medical University";s:24:"West Virginia University";s:24:"West Virginia University";s:18:"Western University";s:18:"Western University";s:31:"Worcester Polytechnic Institute";s:31:"Worcester Polytechnic Institute";s:16:"Wuhan University";s:16:"Wuhan University";s:30:"Wuhan University of Technology";s:30:"Wuhan University of Technology";s:17:"Xiamen University";s:17:"Xiamen University";s:25:"Xian Jiao Tong University";s:25:"Xian Jiao Tong University";s:17:"Xidian University";s:17:"Xidian University";s:15:"Yale University";s:15:"Yale University";s:19:"Yamagata University";s:19:"Yamagata University";s:19:"Yangzhou University";s:19:"Yangzhou University";s:18:"Yanshan University";s:18:"Yanshan University";s:18:"Yeshiva University";s:18:"Yeshiva University";s:19:"Yeungnam University";s:19:"Yeungnam University";s:24:"Yokohama City University";s:24:"Yokohama City University";s:17:"Yonsei University";s:17:"Yonsei University";s:15:"York University";s:15:"York University";s:17:"Yunnan University";s:17:"Yunnan University";s:19:"Zhejiang University";s:19:"Zhejiang University";s:20:"Zhengzhou University";s:20:"Zhengzhou University";}